1684741840010522	0	1929240
1684741841939828	200	1298921
1684741841524998	200	1923323
1684741843238804	200	1456100
1684741843448368	200	1846420
1684741844694957	200	1348662
1684741845294840	200	1511119
1684741846043672	200	1235425
1684741846806010	200	1165606
1684741847279147	200	1156861
1684741847971665	200	1276662
1684741848436053	200	1194521
1684741849248378	200	1846672
1684741849630631	200	1495334
1684741851095101	200	1469856
1684741851126012	200	2321141
1684741852565018	200	1343743
1684741853447200	200	1227464
1684741853908828	200	1429582
1684741854674714	200	1490596
1684741855338468	200	1068026
1684741856165357	200	922151
1684741856406548	200	1415881
1684741857087560	200	937770
1684741857822483	200	1170040
1684741858025387	200	1214011
1684741858992575	200	1343464
1684741859239443	200	1424397
1684741860336095	200	1385200
1684741861721337	200	1420895
1684741860663897	200	3683126
1684741863142291	200	1319511
1684741864461858	200	1256554
1684741864347074	200	1385581
1684741865718462	200	1116936
1684741865732704	200	1347598
1684741866835442	200	904634
1684741867080351	200	1275257
1684741867740121	200	1838143
1684741868355662	200	1680966
1684741869578316	200	1022815
1684741870036669	200	928936
1684741870965649	200	864521
